<?xml version="1.0"?>
<config xmlns:xsi="http://www.w3.org/2001/XMLSchema-instance" xsi:noNamespaceSchemaLocation="urn:magento:framework:ObjectManager/etc/config.xsd">
    <type name="Magento\Customer\CustomerData\SectionPoolInterface">
        <arguments>
            <argument name="sectionSourceMap" xsi:type="array">
                <item name="yireo-gtm-quote" xsi:type="string">Yireo\GoogleTagManager2\CustomerData\Quote</item>
                <item name="yireo-gtm-order" xsi:type="string">Yireo\GoogleTagManager2\CustomerData\Order</item>
            </argument>
        </arguments>
    </type>
</config>
