<?xml version="1.0"?>
<!--
/**
 * Copyright © 2013-2017 Magento, Inc. All rights reserved.
 * See COPYING.txt for license details.
 */
-->
<config xmlns:xsi="http://www.w3.org/2001/XMLSchema-instance" xsi:noNamespaceSchemaLocation="urn:magento:module:Magento_Customer:etc/sections.xsd">
    <action name="checkout/onepage/success">
        <section name="yireo-gtm-order"/>
        <section name="yireo-gtm-quote"/>
    </action>
    <action name="checkout/onepage/saveOrder">
        <section name="yireo-gtm-order"/>
        <section name="yireo-gtm-quote"/>
    </action>
    <action name="checkout/cart/updatePost">
        <section name="yireo-gtm-order"/>
        <section name="yireo-gtm-quote"/>
    </action>
</config>
