<?xml version="1.0"?>
<config xmlns:xsi="http://www.w3.org/2001/XMLSchema-instance" xsi:noNamespaceSchemaLocation="urn:magento:framework:Module/etc/module.xsd">
    <module name="Yireo_GoogleTagManager2" setup_version="0.3.12">
        <sequence>
            <module name="Magento_Catalog"/>
            <module name="Magento_Checkout"/>
            <module name="Magento_Customer"/>
            <module name="Magento_Directory"/>
            <module name="Magento_Quote"/>
            <module name="Magento_Sales"/>
            <module name="Magento_Store"/>
        </sequence>
    </module>
</config>
